DATE,TASK,TIME FOCUSED
2023-01-19,ENG,25.0
2023-01-18,ENG,6.0
2023-01-17,Math 111,25.0
2023-01-17,Math 111,25.0
2023-01-17,Math 111,25.0
2023-01-17,Math 111,25.0
2023-01-17,Math 111,13.0
2023-01-17,Math 111,25.0
2023-01-17,Math 111,25.0
2023-01-17,Math 111,25.0
2023-01-17,Math 111,25.0
2023-01-17,Math 111,25.0
2023-01-17,Math 111,25.0
2023-01-16,Math 111,25.0
2023-01-16,Math 111,25.0
2023-01-16,Math 111,25.0
2023-01-16,Math 111,2.0
2023-01-16,Math 111,25.0
2023-01-16,Math 111,25.0
2023-01-15,Math 111,25.0
2023-01-15,Math 111,25.0
2023-01-15,Math 111,25.0
2023-01-15,Math 111,25.0
2023-01-15,Math 111,25.0
2023-01-15,Math 111,7.0
2023-01-15,Math 111,25.0
2023-01-15,Math 111,25.0
2023-01-15,Math 111,25.0
2023-01-15,Math 111,25.0
2023-01-15,Math 111,25.0
2023-01-15,Math 111,25.0
2023-01-15,Math 111,25.0
2023-01-15,Math 111,14.0
2023-01-14,Math 111,25.0
2023-01-14,Math 111,25.0
2023-01-14,Math 111,25.0
2023-01-14,Math 111,25.0
2023-01-14,Math 111,25.0
2023-01-14,Math 111,25.0
2023-01-14,MATH 115,3.0
2023-01-14,MATH 115,25.0
2023-01-13,ENG,25.0
2023-01-13,ENG,25.0
2023-01-13,ENG,25.0
2023-01-13,ENG,25.0
2023-01-12,ENG,5.0
2023-01-12,ENG,10.0
2023-01-12,ENG,25.0
2023-01-12,ENG,25.0
2023-01-11,MATH 153,11.0
2023-01-11,MATH 153,25.0
2023-01-11,MATH 153,25.0
2023-01-11,MATH 153,25.0
2023-01-11,MATH 153,10.0
2023-01-10,MATH 153,25.0
2023-01-10,MATH 153,25.0
2023-01-10,MATH 153,25.0
2023-01-10,MATH 153,25.0
2023-01-10,MATH 153,25.0
2023-01-10,MATH 153,25.0
2023-01-10,MATH 153,25.0
2023-01-10,MATH 153,25.0
2023-01-10,MATH 153,25.0
2023-01-10,MATH 153,25.0
2023-01-10,MATH 153,25.0
2023-01-10,MATH 153,25.0
2023-01-10,MATH 153,25.0
2023-01-10,MATH 153,25.0
2023-01-09,PHYS 111,25.0
2023-01-09,PHYS 111,25.0
2023-01-09,PHYS 111,5.0
2023-01-08,PHYS 111,25.0
2023-01-08,PHYS 111,25.0
2023-01-08,PHYS 111,15.0
2023-01-08,PHYS 111,25.0
2023-01-08,PHYS 111,25.0
2023-01-08,PHYS 111,20.0
2023-01-08,PHYS 111,25.0
2023-01-08,PHYS 111,25.0
2023-01-08,PHYS 111,25.0
2023-01-08,PHYS 111,25.0
2023-01-08,PHYS 111,25.0
2023-01-08,PHYS 111,25.0
2023-01-08,PHYS 111,1.0
2023-01-08,PHYS 111,25.0
2023-01-08,PHYS 111,25.0
2023-01-08,PHYS 111,25.0
2023-01-08,PHYS 111,25.0
2023-01-08,PHYS 111,25.0
2023-01-07,MATH 153,1.0
2023-01-07,MATH 153,25.0
2023-01-07,MATH 153,25.0
2023-01-07,MATH 153,25.0
2023-01-07,MATH 153,25.0
2023-01-07,MATH 153,25.0
2023-01-07,MATH 153,25.0
2023-01-07,MATH 153,25.0
2023-01-07,MATH 153,25.0
2023-01-07,PHYS 111,25.0
2023-01-07,PHYS 111,25.0
2023-01-07,PHYS 111,25.0
2023-01-07,PHYS 111,25.0
2023-01-07,PHYS 111,25.0
2023-01-06,MATH 153,25.0
2023-01-06,MATH 153,25.0
2023-01-05,Math 111,9.0
2023-01-05,Math 111,25.0
2023-01-05,PHYS 111,25.0
2023-01-05,PHYS 111,25.0
2023-01-05,PHYS 111,25.0
2023-01-05,PHYS 111,25.0
2023-01-05,Math 111,25.0
2023-01-05,PHYS 111,3.0
2023-01-04,PHYS 111,25.0
2023-01-04,PHYS 111,25.0
2023-01-04,PHYS 111,25.0
2023-01-04,PHYS 111,25.0
2023-01-04,MATH 153,25.0
2023-01-04,Math 111,25.0
2023-01-04,Math 111,25.0
2023-01-03,MATH 153,25.0
2023-01-03,MATH 153,25.0
2023-01-03,MATH 153,25.0
2023-01-03,MATH 153,25.0
2023-01-03,MATH 153,25.0
2023-01-03,MATH 153,25.0
2023-01-03,Math 111,25.0
2023-01-03,Math 111,25.0
2023-01-03,Math 111,25.0
2023-01-03,Math 111,25.0
2023-01-03,Math 111,10.0
2023-01-03,Math 111,25.0
2023-01-02,Math 111,25.0
2023-01-02,Math 111,25.0
2023-01-02,Math 111,25.0
2023-01-02,PHYS 111,25.0
2023-01-02,PHYS 111,25.0
2023-01-02,PHYS 111,25.0
2023-01-02,PHYS 111,25.0
2023-01-02,PHYS 111,25.0
2023-01-01,PHYS 111,25.0
2023-01-01,PHYS 111,25.0
2023-01-01,PHYS 111,25.0
2023-01-01,PHYS 111,25.0
2023-01-01,PHYS 111,25.0
2023-01-01,Math 111,25.0
2023-01-01,Math 111,25.0
2023-01-01,Math 111,25.0
2023-01-01,Math 111,25.0
2023-01-01,Math 111,25.0
2023-01-01,Math 111,25.0
2023-01-01,Math 111,25.0
2023-01-01,ENG,25.0
2023-01-01,ENG,25.0
2023-01-01,PHYS 111,25.0
2023-01-01,PHYS 111,25.0
2023-01-01,PHYS 111,25.0
2023-01-01,PHYS 111,4.0
2022-12-31,PHYS 111,25.0
2022-12-31,PHYS 111,25.0
2022-12-31,MATH 153,25.0
2022-12-31,MATH 153,25.0
2022-12-31,MATH 153,25.0
2022-12-31,MATH 153,25.0
2022-12-31,MATH 153,25.0
2022-12-30,MATH 153,25.0
2022-12-30,MATH 153,25.0
2022-12-30,Math 111,25.0
2022-12-29,MATH 153,25.0
2022-12-29,MATH 153,25.0
2022-12-29,MATH 153,0.0
2022-12-29,ENG,25.0
2022-12-28,ENG,25.0
2022-12-28,ENG,25.0
2022-12-28,ENG,25.0
2022-12-28,ENG,25.0
2022-12-28,ENG,25.0
2022-12-28,ENG,25.0
2022-12-28,ENG,25.0
2022-12-25,Math 111,21.0
2022-12-25,ENG,25.0
2022-12-25,MATH 153,5.0
2022-12-25,MATH 153,25.0
2022-12-25,MATH 153,25.0
2022-12-25,MATH 153,25.0
2022-12-25,MATH 153,25.0
2022-12-25,MATH 153,25.0
2022-12-25,MATH 153,8.0
2022-12-25,MATH 153,25.0
2022-12-25,MATH 153,25.0
2022-12-25,MATH 153,25.0
2022-12-25,MATH 153,25.0
2022-12-25,MATH 153,25.0
2022-12-24,MATH 153,25.0
2022-12-24,MATH 153,25.0
2022-12-24,MATH 153,18.0
2022-12-24,MATH 153,25.0
2022-12-24,MATH 153,5.0
2022-12-24,MATH 153,25.0
2022-12-24,MATH 153,25.0
2022-12-24,MATH 153,25.0
2022-12-24,MATH 153,6.0
2022-12-24,MATH 153,25.0
2022-12-24,MATH 153,25.0
2022-12-23,MATH 153,25.0
2022-12-22,ENG,25.0
2022-12-21,ENG,25.0
2022-12-21,ENG,25.0
2022-12-21,ENG,25.0
2022-12-20,ENG,25.0
2022-12-20,ENG,25.0
2022-12-20,ENG,25.0
2022-12-19,Math 111,25.0
2022-12-19,Math 111,14.0
2022-12-19,Math 111,25.0
2022-12-19,Math 111,25.0
2022-12-19,Math 111,25.0
2022-12-19,Math 111,25.0
2022-12-19,Math 111,25.0
2022-12-19,Math 111,0.0
2022-12-18,Math 111,25.0
2022-12-18,Math 111,25.0
2022-12-18,Math 111,25.0
2022-12-18,Math 111,25.0
2022-12-18,Math 111,25.0
2022-12-18,Math 111,25.0
2022-12-18,Math 111,25.0
2022-12-18,Math 111,25.0
2022-12-18,Math 111,25.0
2022-12-18,Math 111,25.0
2022-12-18,Math 111,25.0
2022-12-18,Math 111,25.0
2022-12-18,Math 111,25.0
2022-12-18,Math 111,25.0
2022-12-18,Math 111,25.0
2022-12-15,Math 111,25.0
2022-12-15,Math 111,25.0
2022-12-15,Math 111,25.0
2022-12-15,ENG,25.0
2022-12-15,ENG,25.0
2022-12-15,Math 111,25.0
2022-12-15,Math 111,25.0
2022-12-13,MATH 153,25.0
2022-12-13,MATH 153,25.0
2022-12-13,MATH 153,25.0
2022-12-13,MATH 153,25.0
2022-12-13,MATH 153,25.0
2022-12-13,MATH 153,25.0
2022-12-13,MATH 153,25.0
2022-12-13,MATH 153,25.0
2022-12-13,MATH 153,25.0
2022-12-13,MATH 153,25.0
2022-12-13,MATH 153,25.0
2022-12-12,MATH 153,25.0
2022-12-12,MATH 153,25.0
2022-12-12,MATH 153,25.0
2022-12-12,MATH 115,25.0
2022-12-12,MATH 115,25.0
2022-12-12,MATH 115,7.0
2022-12-12,MATH 115,25.0
2022-12-11,MATH 115,25.0
2022-12-11,MATH 115,25.0
2022-12-11,MATH 153,25.0
2022-12-11,MATH 153,25.0
2022-12-11,MATH 153,25.0
2022-12-11,MATH 153,25.0
2022-12-11,MATH 153,25.0
2022-12-11,MATH 153,25.0
2022-12-11,MATH 153,0.0
2022-12-11,MATH 153,25.0
2022-12-11,MATH 153,25.0
2022-12-11,MATH 153,8.0
2022-12-11,MATH 153,25.0
2022-12-11,MATH 153,25.0
2022-12-11,MATH 153,25.0
2022-12-11,MATH 153,25.0
2022-12-11,MATH 153,25.0
2022-12-11,MATH 153,25.0
2022-12-11,MATH 153,25.0
2022-12-11,MATH 153,25.0
2022-12-10,PHYS 111,25.0
2022-12-10,PHYS 111,25.0
2022-12-10,PHYS 111,25.0
2022-12-10,PHYS 111,25.0
2022-12-10,PHYS 111,25.0
2022-12-09,PHYS 111,25.0
2022-12-09,PHYS 111,25.0
2022-12-09,PHYS 111,25.0
2022-12-09,PHYS 111,25.0
2022-12-09,PHYS 111,25.0
2022-12-09,PHYS 111,25.0
2022-12-09,PHYS 111,25.0
2022-12-09,PHYS 111,25.0
2022-12-09,MATH 153,25.0
2022-12-09,MATH 153,25.0
2022-12-09,MATH 153,25.0
2022-12-09,MATH 153,25.0
2022-12-09,MATH 153,25.0
2022-12-09,MATH 153,25.0
2022-12-09,MATH 153,25.0
2022-12-09,MATH 153,25.0
2022-12-09,MATH 153,25.0
2022-12-08,PHYS 111,6.0
2022-12-08,PHYS 111,25.0
2022-12-08,MATH 153,25.0
2022-12-08,MATH 153,25.0
2022-12-08,MATH 153,25.0
2022-12-08,MATH 153,25.0
2022-12-08,MATH 153,25.0
2022-12-08,MATH 153,25.0
2022-12-08,MATH 153,25.0
2022-12-08,PHYS 111,9.0
2022-12-08,PHYS 111,25.0
2022-12-08,PHYS 111,25.0
2022-12-07,PHYS 111,25.0
2022-12-07,PHYS 111,25.0
2022-12-07,PHYS 111,25.0
2022-12-07,PHYS 111,25.0
2022-12-07,PHYS 111,4.0
2022-12-07,PHYS 111,25.0
2022-12-07,ENG,25.0
2022-12-07,MATH 153,25.0
2022-12-07,MATH 153,25.0
2022-12-06,MATH 153,25.0
2022-12-06,MATH 153,25.0
2022-12-06,MATH 153,25.0
2022-12-06,MATH 153,25.0
2022-12-06,PHYS 111,9.0
2022-12-06,PHYS 111,25.0
2022-12-06,PHYS 111,25.0
2022-12-06,PHYS 111,25.0
2022-12-06,PHYS 111,25.0
2022-12-06,PHYS 111,25.0
2022-12-05,MATH 153,25.0
2022-12-05,MATH 153,25.0
2022-12-05,MATH 153,25.0
2022-12-05,MATH 153,25.0
2022-12-05,MATH 153,25.0
2022-12-05,MATH 153,25.0
2022-12-04,ENG,25.0
2022-12-04,ENG,25.0
2022-12-04,PHYS 111,25.0
2022-12-04,PHYS 111,25.0
2022-12-04,PHYS 111,25.0
2022-12-03,MATH 153,25.0
2022-12-03,MATH 153,25.0
2022-12-03,MATH 153,25.0
2022-12-03,MATH 153,25.0
2022-12-03,MATH 153,25.0
2022-12-03,MATH 153,25.0
2022-12-03,MATH 153,25.0
2022-12-03,MATH 153,25.0
2022-12-03,MATH 153,7.0
2022-12-03,MATH 153,25.0
2022-12-03,MATH 153,25.0
2022-12-03,MATH 153,25.0
2022-12-03,MATH 153,4.0
2022-12-02,Math 111,25.0
2022-12-02,Math 111,25.0
2022-12-02,MATH 153,25.0
2022-12-02,MATH 153,25.0
2022-12-02,MATH 153,25.0
2022-12-02,MATH 153,25.0
2022-12-02,MATH 153,25.0
2022-12-02,PHYS 111,25.0
2022-12-02,PHYS 111,25.0
2022-12-01,PHYS 111,25.0
2022-12-01,PHYS 111,25.0
2022-12-01,PHYS 111,25.0
2022-11-30,PHYS 111,25.0
2022-11-30,PHYS 111,25.0
2022-11-30,Math 111,25.0
2022-11-29,MATH 153,25.0
2022-11-29,MATH 153,25.0
2022-11-29,MATH 153,25.0
2022-11-29,MATH 153,25.0
2022-11-29,MATH 153,25.0
2022-11-29,MATH 153,25.0
2022-11-29,MATH 153,25.0
2022-11-29,MATH 153,25.0
2022-11-29,MATH 153,5.0
2022-11-29,MATH 153,25.0
2022-11-29,MATH 153,25.0
2022-11-29,MATH 153,25.0
2022-11-28,MATH 115,8.0
2022-11-28,PHYS 111,25.0
2022-11-28,PHYS 111,25.0
2022-11-26,Math 111,25.0
2022-11-26,Math 111,25.0
2022-11-25,MATH 153,25.0
2022-11-25,MATH 153,25.0
2022-11-25,MATH 153,25.0
2022-11-25,MATH 153,25.0
2022-11-25,MATH 153,25.0
2022-11-25,MATH 153,25.0
2022-11-25,MATH 153,25.0
2022-11-25,MATH 153,25.0
2022-11-25,MATH 153,3.0
2022-11-25,MATH 153,19.0
2022-11-25,MATH 153,25.0
2022-11-25,MATH 115,25.0
2022-11-25,MATH 115,25.0
2022-11-25,MATH 115,25.0
2022-11-25,MATH 115,25.0
2022-11-25,MATH 153,25.0
2022-11-25,MATH 153,25.0
2022-11-25,MATH 153,25.0
2022-11-25,MATH 153,25.0
2022-11-24,ENG,25.0
2022-11-24,ENG,25.0
2022-11-24,MATH 153,25.0
2022-11-24,MATH 153,25.0
2022-11-24,ENG,4.0
2022-11-24,ENG,25.0
2022-11-24,ENG,25.0
2022-11-24,ENG,25.0
2022-11-24,ENG,25.0
2022-11-24,ENG,25.0
2022-11-24,ENG,25.0
2022-11-23,PHYS 111,25.0
2022-11-23,PHYS 111,25.0
2022-11-23,ENG,25.0
2022-11-23,ENG,25.0
2022-11-22,PHYS 111,25.0
2022-11-22,MATH 153,14.0
2022-11-22,MATH 153,25.0
2022-11-22,MATH 153,25.0
2022-11-22,MATH 153,25.0
2022-11-22,Math 111,25.0
2022-11-22,Math 111,25.0
2022-11-22,PHYS 111,25.0
2022-11-22,Math 111,25.0
2022-11-22,Math 111,25.0
2022-11-22,Math 111,25.0
2022-11-22,Math 111,25.0
2022-11-21,Math 111,25.0
2022-11-21,Math 111,25.0
2022-11-21,Math 111,25.0
2022-11-21,Math 111,25.0
2022-11-21,Math 111,25.0
2022-11-21,Math 111,25.0
2022-11-21,MATH 153,1.0
2022-11-21,MATH 153,25.0
2022-11-21,MATH 153,25.0
2022-11-21,MATH 153,25.0
2022-11-21,MATH 153,25.0
2022-11-21,MATH 153,25.0
2022-11-20,PHYS 111,25.0
2022-11-20,PHYS 111,25.0
2022-11-20,ENG,25.0
2022-11-20,ENG,25.0
2022-11-20,ENG,25.0
2022-11-20,ENG,25.0
2022-11-20,ENG,25.0
2022-11-20,ENG,25.0
2022-11-20,ENG,25.0
2022-11-20,ENG,25.0
2022-11-19,PHYS 111,25.0
2022-11-19,MATH 153,0.0
2022-11-19,MATH 153,25.0
2022-11-19,MATH 153,25.0
2022-11-19,MATH 153,25.0
2022-11-19,MATH 153,25.0
2022-11-19,MATH 153,25.0
2022-11-19,MATH 153,25.0
2022-11-19,MATH 153,25.0
2022-11-19,MATH 153,25.0
2022-11-19,MATH 153,13.0
2022-11-19,MATH 153,25.0
2022-11-19,MATH 153,25.0
2022-11-19,MATH 153,25.0
2022-11-19,MATH 153,25.0
2022-11-19,MATH 153,25.0
2022-11-18,ENG,25.0
2022-11-18,ENG,25.0
2022-11-18,ENG,25.0
2022-11-17,MATH 153,9.0
2022-11-17,MATH 153,25.0
2022-11-17,MATH 153,25.0
2022-11-17,MATH 153,25.0
2022-11-17,MATH 153,25.0
2022-11-17,MATH 153,25.0
2022-11-16,PHYS 111,25.0
2022-11-16,MATH 115,25.0
2022-11-16,MATH 115,25.0
2022-11-16,MATH 115,25.0
2022-11-16,MATH 115,0.0
2022-11-15,MATH 115,25.0
2022-11-15,MATH 115,25.0
2022-11-15,MATH 115,25.0
2022-11-15,MATH 115,25.0
2022-11-15,MATH 115,25.0
2022-11-15,ENG,4.0
2022-11-15,ENG,25.0
2022-11-15,ENG,25.0
2022-11-15,ENG,25.0
2022-11-15,MATH 115,25.0
2022-11-15,MATH 115,25.0
2022-11-15,MATH 115,25.0
2022-11-15,MATH 115,25.0
2022-11-15,MATH 115,25.0
2022-11-15,MATH 115,25.0
2022-11-15,MATH 115,25.0
2022-11-15,MATH 115,25.0
2022-11-15,MATH 115,7.0
2022-11-15,MATH 115,25.0
2022-11-14,MATH 115,25.0
2022-11-14,MATH 115,25.0
2022-11-13,MATH 115,19.0
2022-11-13,MATH 115,25.0
2022-11-13,MATH 115,25.0
2022-11-13,MATH 115,25.0
2022-11-13,MATH 115,25.0
2022-11-13,MATH 153,25.0
2022-11-13,MATH 153,25.0
2022-11-13,MATH 153,25.0
2022-11-13,MATH 153,25.0
2022-11-13,MATH 153,25.0
2022-11-13,MATH 153,25.0
2022-11-13,MATH 153,25.0
2022-11-13,MATH 153,25.0
2022-11-13,MATH 153,23.0
2022-11-11,Math 111,25.0
2022-11-11,Math 111,25.0
2022-11-11,Math 111,25.0
2022-11-11,Math 111,25.0
2022-11-11,Math 111,25.0
2022-11-10,Math 111,25.0
2022-11-10,Math 111,25.0
2022-11-10,Math 111,19.0
2022-11-10,Math 111,25.0
2022-11-09,Math 111,25.0
2022-11-09,Math 111,25.0
2022-11-09,Math 111,25.0
2022-11-09,Math 111,25.0
2022-11-09,Math 111,25.0
2022-11-09,Math 111,25.0
2022-11-09,Math 111,25.0
2022-11-09,Math 111,25.0
2022-11-09,Math 111,25.0
2022-11-09,Math 111,25.0
2022-11-09,Math 111,25.0
2022-11-09,Math 111,25.0
2022-11-08,Math 111,19.0
2022-11-08,Math 111,25.0
2022-11-08,Math 111,25.0
2022-11-08,MATH 153,25.0
2022-11-08,MATH 153,25.0
2022-11-08,MATH 153,25.0
2022-11-08,MATH 153,25.0
2022-11-08,MATH 153,25.0
2022-11-08,MATH 153,25.0
2022-11-07,MATH 153,25.0
2022-11-07,MATH 153,25.0
2022-11-07,MATH 153,25.0
2022-11-07,MATH 153,25.0
2022-11-07,MATH 153,25.0
2022-11-06,MATH 153,25.0
2022-11-06,MATH 153,25.0
2022-11-06,MATH 153,25.0
2022-11-06,MATH 153,25.0
2022-11-05,PHYS 111,25.0
2022-11-05,PHYS 111,25.0
2022-11-04,PHYS 111,25.0
2022-11-04,MATH 153,18.0
2022-11-04,MATH 153,25.0
2022-11-04,MATH 153,25.0
2022-11-04,Math 111,25.0
2022-11-04,Math 111,25.0
2022-11-04,Math 111,25.0
2022-11-03,Math 111,25.0
2022-11-03,MATH 153,16.0
2022-11-03,MATH 153,25.0
2022-11-03,MATH 153,25.0
2022-11-03,PHYS 111,25.0
2022-11-03,PHYS 111,25.0
2022-11-03,PHYS 111,25.0
2022-11-03,PHYS 111,25.0
2022-11-03,PHYS 111,25.0
2022-11-03,PHYS 111,25.0
2022-11-02,PHYS 111,25.0
2022-11-02,PHYS 111,25.0
2022-11-02,PHYS 111,25.0
2022-11-02,PHYS 111,25.0
2022-11-02,PHYS 111,25.0
2022-11-02,ENG,25.0
2022-11-02,ENG,25.0
2022-11-02,ENG,25.0
2022-11-02,ENG,25.0
2022-11-01,MATH 153,25.0
2022-11-01,MATH 153,25.0
2022-11-01,MATH 153,25.0
2022-11-01,MATH 153,25.0
2022-11-01,MATH 153,25.0
2022-11-01,Math 111,18.0
2022-10-31,Math 111,25.0
2022-10-31,Math 111,25.0
2022-10-31,MATH 153,25.0
2022-10-31,PHYS 111,25.0
2022-10-31,MATH 153,25.0
2022-10-30,MATH 153,25.0
2022-10-30,MATH 153,25.0
2022-10-30,PHYS 111,3.0
2022-10-29,Math 111,25.0
2022-10-29,PHYS 111,18.0
2022-10-28,PHYS 111,25.0
2022-10-28,PHYS 111,25.0
2022-10-28,PHYS 111,25.0
2022-10-28,PHYS 111,25.0
2022-10-28,PHYS 111,25.0
2022-10-28,PHYS 111,25.0
2022-10-28,PHYS 111,25.0
2022-10-28,PHYS 111,25.0
2022-10-28,PHYS 111,25.0
2022-10-28,PHYS 111,25.0
2022-10-28,PHYS 111,7.0
2022-10-28,PHYS 111,25.0
2022-10-28,PHYS 111,25.0
2022-10-28,PHYS 111,4.0
2022-10-27,MATH 115,25.0
2022-10-27,MATH 115,25.0
2022-10-26,MATH 115,25.0
2022-10-26,MATH 115,25.0
2022-10-26,MATH 115,0.0
2022-10-26,PHYS 111,25.0
2022-10-26,PHYS 111,25.0
2022-10-26,PHYS 111,18.0
2022-10-26,PHYS 111,25.0
2022-10-26,PHYS 111,25.0
2022-10-26,PHYS 111,25.0
2022-10-26,PHYS 111,21.0
2022-10-26,PHYS 111,25.0
2022-10-26,PHYS 111,25.0
2022-10-26,PHYS 111,25.0
2022-10-26,PHYS 111,7.0
2022-10-25,PHYS 111,25.0
2022-10-23,ENG,25.0
2022-10-23,ENG,25.0
2022-10-23,ENG,25.0
2022-10-23,Math 111,25.0
2022-10-23,Math 111,25.0
2022-10-22,Math 111,25.0
2022-10-22,Math 111,25.0
2022-10-22,Math 111,25.0
2022-10-22,Math 111,25.0
2022-10-22,Math 111,25.0
2022-10-22,Math 111,25.0
2022-10-22,ENG,25.0
2022-10-22,PHYS 111,25.0
2022-10-22,PHYS 111,25.0
2022-10-22,PHYS 111,25.0
2022-10-22,PHYS 111,25.0
2022-10-20,PHYS 111,25.0
2022-10-20,PHYS 111,25.0
2022-10-20,PHYS 111,25.0
2022-10-19,MATH 115,25.0
2022-10-19,MATH 115,25.0
2022-10-19,MATH 115,25.0
2022-10-19,MATH 115,25.0
2022-10-19,MATH 153,15.0
2022-10-19,MATH 153,25.0
2022-10-18,MATH 153,25.0
2022-10-18,MATH 153,25.0
2022-10-18,MATH 153,25.0
2022-10-18,MATH 153,25.0
2022-10-18,Math 111,0.0
2022-10-18,Math 111,25.0
2022-10-18,PHYS 111,23.0
2022-10-18,MATH 153,0.0
2022-10-18,MATH 153,25.0
2022-10-18,MATH 153,25.0
2022-10-18,MATH 153,25.0
2022-10-18,MATH 153,25.0
2022-10-17,PHYS 111,25.0
2022-10-17,PHYS 111,25.0
2022-10-17,PHYS 111,25.0
2022-10-17,PHYS 111,25.0
2022-10-17,PHYS 111,25.0
2022-10-17,PHYS 111,25.0
2022-10-17,PHYS 111,25.0
2022-10-17,PHYS 111,25.0
2022-10-17,PHYS 111,25.0
2022-10-17,PHYS 111,10.0
2022-10-16,PHYS 111,25.0
2022-10-16,Math 111,25.0
2022-10-16,Math 111,25.0
2022-10-16,MATH 153,25.0
2022-10-15,MATH 153,25.0
2022-10-15,MATH 153,25.0
2022-10-15,MATH 153,25.0
2022-10-15,MATH 153,25.0
2022-10-15,MATH 153,25.0
2022-10-15,MATH 153,25.0
2022-10-14,PHYS 111,25.0
2022-10-14,PHYS 111,25.0
2022-10-14,PHYS 111,12.0
2022-10-14,MATH 153,25.0
2022-10-14,MATH 153,25.0
2022-10-14,MATH 153,14.0
2022-10-14,MATH 153,25.0
2022-10-14,Math 111,25.0
2022-10-14,Math 111,25.0
2022-10-13,PHYS 111,17.0
2022-10-13,PHYS 111,25.0
2022-10-13,PHYS 111,25.0
2022-10-12,MATH 153,25.0
2022-10-12,MATH 153,10.0
2022-10-12,Math 111,9.0
2022-10-12,Math 111,25.0
2022-10-12,Math 111,25.0
2022-10-12,PHYS 111,25.0
2022-10-12,PHYS 111,25.0
2022-10-11,PHYS 111,25.0
2022-10-11,PHYS 111,25.0
2022-10-11,PHYS 111,25.0
2022-10-11,PHYS 111,25.0
2022-10-11,PHYS 111,25.0
2022-10-11,PHYS 111,25.0
2022-10-11,Math 111,25.0
2022-10-11,ENG,25.0
2022-10-11,PHYS 111,25.0
2022-10-11,PHYS 111,25.0
2022-10-10,MATH 115,25.0
2022-10-09,ENG,25.0
2022-10-09,MATH 153,25.0
2022-10-09,MATH 153,25.0
2022-10-09,MATH 153,25.0
2022-10-09,MATH 153,25.0
2022-10-09,PHYS 111,25.0
2022-10-08,MATH 115,11.0
2022-10-08,MATH 115,25.0
2022-10-08,MATH 115,25.0
2022-10-08,MATH 115,25.0
2022-10-08,MATH 115,25.0
2022-10-08,MATH 115,25.0
2022-10-08,Math 111,6.0
2022-10-08,Math 111,25.0
2022-10-08,Math 111,25.0
2022-10-08,Math 111,25.0
2022-10-07,Math 111,25.0
2022-10-07,MATH 153,25.0
2022-10-07,MATH 153,25.0
2022-10-07,MATH 153,25.0
2022-10-07,MATH 153,25.0
2022-10-07,MATH 153,25.0
2022-10-07,MATH 153,25.0
2022-10-06,MATH 153,25.0
2022-10-06,MATH 115,25.0
2022-10-06,MATH 115,25.0
2022-10-04,Math 111,25.0
2022-10-04,Math 111,25.0
2022-10-03,MATH 153,10.0
2022-10-03,MATH 153,25.0
2022-10-03,Math 111,25.0
2022-08-08,PHYS 111,21.0
2022-08-03,PHYS 111,25.0
2022-08-03,PHYS 111,25.0
2022-08-03,PHYS 111,25.0
2022-08-01,PHYS 111,0.0
2022-08-01,PHYS 111,25.0
2022-07-31,PHYS 111,25.0
2022-07-31,PHYS 111,8.0
2022-07-31,PHYS 111,25.0
2022-07-31,PHYS 111,25.0
2022-07-31,PHYS 111,12.0
2022-07-31,PHYS 111,25.0
2022-07-31,PHYS 111,25.0
2022-07-31,PHYS 111,25.0
2022-07-31,PHYS 111,25.0
2022-07-31,PHYS 111,25.0
2022-07-29,PHYS 111,0.0
2022-07-29,PHYS 111,6.0
2022-07-29,PHYS 111,25.0
2022-07-29,PHYS 111,25.0
2022-07-29,PHYS 111,25.0
2022-07-28,PHYS 111,25.0
2022-07-28,PHYS 111,25.0
2022-07-28,PHYS 111,25.0
2022-07-27,PHYS 111,25.0
2022-07-27,PHYS 111,25.0
2022-07-27,PHYS 111,25.0
2022-07-27,PHYS 111,9.0
2022-07-27,PHYS 111,25.0
2022-07-27,PHYS 111,25.0
2022-07-27,PHYS 111,25.0
2022-07-26,PHYS 111,25.0
2022-07-26,PHYS 111,25.0
2022-07-26,PHYS 111,25.0
2022-07-26,PHYS 111,25.0
2022-07-25,PHYS 111,25.0
2022-07-25,PHYS 111,25.0
2022-07-25,PHYS 111,25.0
2022-07-25,PHYS 111,25.0
2022-07-25,PHYS 111,25.0
2022-07-24,PHYS 111,25.0
2022-07-24,PHYS 111,25.0
2022-07-24,PHYS 111,25.0
2022-07-23,PHYS 111,25.0
2022-07-20,PHYS 111,7.0
2022-07-20,PHYS 111,25.0
2022-07-20,PHYS 111,25.0
2022-07-20,PHYS 111,25.0
2022-07-20,PHYS 111,25.0
2022-07-19,PHYS 111,25.0
2022-07-19,PHYS 111,25.0
2022-07-19,PHYS 111,25.0
2022-07-19,PHYS 111,25.0
2022-07-19,PHYS 111,25.0
2022-07-19,PHYS 111,25.0
2022-07-19,PHYS 111,25.0
2022-07-19,PHYS 111,25.0
2022-07-19,PHYS 111,25.0
2022-07-19,PHYS 111,25.0
2022-07-17,PHYS 111,25.0
2022-07-17,PHYS 111,25.0
2022-07-17,PHYS 111,25.0
2022-07-17,PHYS 111,25.0
2022-07-17,PHYS 111,25.0
2022-07-17,PHYS 111,25.0
2022-07-17,PHYS 111,25.0
2022-07-17,PHYS 111,25.0
2022-07-15,PHYS 111,25.0
2022-07-15,PHYS 111,25.0
2022-07-15,PHYS 111,25.0
2022-07-14,PHYS 111,25.0
2022-07-14,PHYS 111,25.0
2022-07-14,PHYS 111,25.0
2022-07-13,PHYS 111,25.0
2022-07-13,PHYS 111,25.0
2022-07-13,PHYS 111,14.0
2022-07-13,PHYS 111,25.0
2022-07-13,PHYS 111,25.0
2022-07-13,PHYS 111,4.0
2022-07-12,PHYS 111,25.0
2022-07-12,PHYS 111,25.0
2022-07-12,PHYS 111,25.0
2022-06-18,PHYS 111,25.0
2022-06-18,PHYS 111,25.0
2022-06-18,PHYS 111,25.0
2022-06-15,PHYS 111,11.0
2022-06-15,PHYS 111,25.0
2022-06-15,PHYS 111,25.0
2022-06-14,PHYS 111,25.0
2022-06-14,PHYS 111,25.0
2022-06-12,PHYS 111,7.0
2022-06-12,PHYS 111,25.0
2022-06-11,PHYS 111,25.0
2022-06-11,PHYS 111,25.0
2022-06-11,PHYS 111,25.0
2022-06-11,PHYS 111,25.0
2022-06-11,PHYS 111,25.0
2022-06-11,PHYS 111,25.0
2022-06-07,PHYS 111,25.0
2022-06-05,PHYS 111,0.0
2022-06-05,PHYS 111,25.0
2022-06-03,PHYS 111,25.0
2022-06-02,PHYS 111,25.0
2022-06-02,PHYS 111,25.0
2022-06-02,PHYS 111,25.0
2022-06-01,PHYS 111,25.0
2022-06-01,PHYS 111,25.0
2022-06-01,PHYS 111,25.0
2022-05-08,PHYS 111,25.0
2022-05-08,ENG,7.0
2022-05-05,ENG,25.0
2022-05-04,ENG,15.0
2022-04-27,PHYS 111,30.0
2022-04-21,PHYS 111,30.0
2022-04-18,ENG,25.0
2022-04-11,ENG,25.0
2022-04-11,ENG,25.0
2022-04-07,ENG,25.0
2022-04-07,ENG,25.0
2022-04-07,ENG,25.0
2022-04-07,ENG,25.0
2022-04-06,ENG,50.0
2022-04-06,ENG,25.0
2022-04-06,ENG,1.0
2022-04-05,ENG,25.0
2022-04-05,ENG,25.0
2022-04-05,ENG,25.0
2022-04-05,ENG,25.0
2022-04-05,ENG,25.0
2022-04-05,PHYS 111,1.0
2022-04-04,PHYS 111,25.0
2022-04-04,PHYS 111,25.0
2022-04-04,PHYS 111,25.0
2022-04-04,PHYS 111,25.0
2022-04-04,PHYS 111,25.0
2022-04-04,PHYS 111,0.0
2022-04-04,PHYS 111,25.0
2022-03-30,PHYS 111,25.0
2022-03-30,PHYS 111,25.0
2022-03-30,PHYS 111,43.0
2022-03-28,PHYS 111,25.0
2022-03-28,PHYS 111,25.0
2022-03-24,ENG,25.0
2022-03-24,ENG,25.0
2022-03-24,PHYS 111,25.0
2022-03-24,ENG,25.0
2022-03-23,PHYS 111,25.0
2022-03-23,PHYS 111,25.0
2022-03-23,PHYS 111,25.0
2022-03-23,PHYS 111,25.0
2022-03-23,PHYS 111,25.0
2022-03-22,PHYS 111,25.0
2022-03-22,PHYS 111,25.0
2022-03-22,PHYS 111,25.0
2022-03-21,PHYS 111,25.0
2022-03-21,PHYS 111,25.0
2022-03-21,PHYS 111,25.0
2022-03-21,PHYS 111,25.0
2022-03-21,PHYS 111,25.0
2022-03-21,PHYS 111,25.0
2022-03-21,PHYS 111,25.0
2022-03-20,PHYS 111,25.0
2022-03-20,PHYS 111,25.0
2022-03-20,PHYS 111,25.0
2022-03-20,PHYS 111,25.0
2022-03-20,PHYS 111,25.0
2022-03-20,PHYS 111,25.0
2022-03-20,PHYS 111,25.0
2022-03-20,PHYS 111,15.0
2022-03-20,PHYS 111,5.0
2022-03-19,PHYS 111,50.0
2022-03-19,PHYS 111,50.0
2022-03-19,PHYS 111,25.0
2022-03-19,PHYS 111,25.0
2022-03-16,PHYS 111,25.0
2022-03-14,PHYS 111,25.0
2022-03-14,PHYS 111,25.0
2022-03-14,PHYS 111,25.0
2022-03-14,PHYS 111,25.0
2022-03-11,PHYS 111,25.0
2022-03-11,PHYS 111,25.0
2022-03-11,PHYS 111,25.0
2022-03-10,PHYS 111,25.0
2022-03-10,PHYS 111,25.0
2022-03-10,PHYS 111,25.0
2022-03-10,PHYS 111,0.0
2022-03-10,PHYS 111,25.0
2022-03-10,PHYS 111,25.0
2022-03-10,PHYS 111,25.0
2022-03-09,PHYS 111,25.0
2022-03-09,PHYS 111,25.0
2022-03-07,PHYS 111,25.0
2022-03-06,PHYS 111,25.0
2022-03-06,PHYS 111,25.0
2022-03-06,PHYS 111,25.0
2022-03-06,PHYS 111,25.0
2022-03-04,PHYS 111,25.0
2022-03-04,PHYS 111,25.0
2022-03-04,PHYS 111,25.0
2022-03-04,PHYS 111,25.0
2022-03-04,PHYS 111,25.0
2022-03-04,PHYS 111,25.0
2022-02-28,PHYS 111,25.0
